x,row names,Fine_habitat,Habitat,Habitat_color,Color_family,Color_superfamily,Water,Water_color,Inc_brackish,IB_color,Mouth_type,mouth_color
Aracanidae_Anoplocapros_amygdaloides_EPLATE_53_C05,Aracanidae_Anoplocapros_amygdaloides_EPLATE_53_C05,nonreef,nonreef,grey,darkgoldenrod,#FDC500,marine,red,,,nonbeak,orange
Aracanidae_Anoplocapros_inermis_EPLATE_53_A05,Aracanidae_Anoplocapros_inermis_EPLATE_53_A05,nonreef,nonreef,grey,darkgoldenrod,#FDC500,marine,red,,,nonbeak,orange
Aracanidae_Anoplocapros_lenticularis_EPLATE_53_B05,Aracanidae_Anoplocapros_lenticularis_EPLATE_53_B05,nonreef,nonreef,grey,darkgoldenrod,#FDC500,marine,red,,,nonbeak,orange
Aracanidae_Aracana_aurita_EPLATE_53_H04,Aracanidae_Aracana_aurita_EPLATE_53_H04,nonreef,nonreef,grey,darkgoldenrod,#FDC500,marine,red,,,nonbeak,orange
Aracanidae_Caprichthys_gymnura_EPLATE_53_G04,Aracanidae_Caprichthys_gymnura_EPLATE_53_G04,nonreef,nonreef,grey,darkgoldenrod,#FDC500,marine,red,,,nonbeak,orange
Aracanidae_Capropygia_unistriata_EPLATE_53_F04,Aracanidae_Capropygia_unistriata_EPLATE_53_F04,nonreef,nonreef,grey,darkgoldenrod,#FDC500,marine,red,,,nonbeak,orange
Aracanidae_Kentrocapros_rosapinto_aculeatus_T0022,Aracanidae_Kentrocapros_rosapinto_aculeatus_T0022,nonreef,nonreef,grey,darkgoldenrod,#FDC500,marine,red,,,nonbeak,orange
Balistidae_Abalistes_filamentosus_EPLATE_51_B12,Balistidae_Abalistes_filamentosus_EPLATE_51_B12,nonreef,nonreef,grey,darkorange2,#F35B04,marine,red,,,nonbeak,orange
Balistidae_Abalistes_stellatus_T0002,Balistidae_Abalistes_stellatus_T0002,low_reef,nonreef,grey,darkorange2,#F35B04,marine,red,,,nonbeak,orange
Balistidae_Balistapus_undulatus_T0009,Balistidae_Balistapus_undulatus_T0009,mod_reef,reef,red,darkorange2,#F35B04,marine,red,,,nonbeak,orange
Balistidae_Balistes_capriscus_USNMAD9NF67,Balistidae_Balistes_capriscus_USNMAD9NF67,low_reef,reef,red,darkorange2,#F35B04,marine,red,,,nonbeak,orange
Balistidae_Balistes_polylepis_USNMAG7PC77,Balistidae_Balistes_polylepis_USNMAG7PC77,low_reef,reef,red,darkorange2,#F35B04,marine,red,,,nonbeak,orange
Balistidae_Balistes_vetula_UPRFL0353,Balistidae_Balistes_vetula_UPRFL0353,low_reef,reef,red,darkorange2,#F35B04,marine,red,,,nonbeak,orange
Balistidae_Balistoides_conspicillum_T0013,Balistidae_Balistoides_conspicillum_T0013,low_reef,reef,red,darkorange2,#F35B04,marine,red,,,nonbeak,orange
Balistidae_Balistoides_viridescens_USNMAG9RF59,Balistidae_Balistoides_viridescens_USNMAG9RF59,mod_reef,reef,red,darkorange2,#F35B04,marine,red,,,nonbeak,orange
Balistidae_Canthidermis_maculata_T0015,Balistidae_Canthidermis_maculata_T0015,low_reef,reef,red,darkorange2,#F35B04,marine,red,,,nonbeak,orange
Balistidae_Canthidermis_sufflamen_USNMAC7BZ85,Balistidae_Canthidermis_sufflamen_USNMAC7BZ85,low_reef,reef,red,darkorange2,#F35B04,marine,red,,,nonbeak,orange
Balistidae_Melichthys_indicus_T0029,Balistidae_Melichthys_indicus_T0029,low_reef,reef,red,darkorange2,#F35B04,marine,red,,,nonbeak,orange
Balistidae_Melichthys_niger_UPRFL0061,Balistidae_Melichthys_niger_UPRFL0061,mod_reef,reef,red,darkorange2,#F35B04,marine,red,,,nonbeak,orange
Balistidae_Melichthys_vidua_STRIBFT11786,Balistidae_Melichthys_vidua_STRIBFT11786,mod_reef,reef,red,darkorange2,#F35B04,marine,red,,,nonbeak,orange
Balistidae_Odonus_niger_USNMAG7PW08,Balistidae_Odonus_niger_USNMAG7PW08,mod_reef,reef,red,darkorange2,#F35B04,marine,red,,,nonbeak,orange
Balistidae_Pseudobalistes_flavimarginatus_T0067,Balistidae_Pseudobalistes_flavimarginatus_T0067,mod_reef,reef,red,darkorange2,#F35B04,marine,red,,,nonbeak,orange
Balistidae_Pseudobalistes_fuscus_USNMAG9RP93,Balistidae_Pseudobalistes_fuscus_USNMAG9RP93,low_reef,reef,red,darkorange2,#F35B04,marine,red,,,nonbeak,orange
Balistidae_Rhinecanthus_aculeatus_USNMAG9RU13,Balistidae_Rhinecanthus_aculeatus_USNMAG9RU13,mod_reef,reef,red,darkorange2,#F35B04,marine,red,,,nonbeak,orange
Balistidae_Rhinecanthus_assasi_T0044,Balistidae_Rhinecanthus_assasi_T0044,low_reef,reef,red,darkorange2,#F35B04,marine,red,,,nonbeak,orange
Balistidae_Rhinecanthus_lunula_USNMAG5NP92,Balistidae_Rhinecanthus_lunula_USNMAG5NP92,low_reef,reef,red,darkorange2,#F35B04,marine,red,,,nonbeak,orange
Balistidae_Rhinecanthus_rectangulus_USNMAG9RQ72,Balistidae_Rhinecanthus_rectangulus_USNMAG9RQ72,low_reef,reef,red,darkorange2,#F35B04,marine,red,,,nonbeak,orange
Balistidae_Sufflamen_bursa_USNMAG5NQ79,Balistidae_Sufflamen_bursa_USNMAG5NQ79,low_reef,reef,red,darkorange2,#F35B04,marine,red,,,nonbeak,orange
Balistidae_Sufflamen_chrysopterum_EPLATE_53_C06,Balistidae_Sufflamen_chrysopterum_EPLATE_53_C06,low_reef,reef,red,darkorange2,#F35B04,marine,red,,,nonbeak,orange
Balistidae_Sufflamen_fraenatum_T0050,Balistidae_Sufflamen_fraenatum_T0050,mod_reef,reef,red,darkorange2,#F35B04,marine,red,,,nonbeak,orange
Balistidae_Sufflamen_verres_T0069,Balistidae_Sufflamen_verres_T0069,low_reef,reef,red,darkorange2,#F35B04,marine,red,,,nonbeak,orange
Balistidae_Xanthichthys_auromarginatus_USNMAG7PY24,Balistidae_Xanthichthys_auromarginatus_USNMAG7PY24,low_reef,reef,red,darkorange2,#F35B04,marine,red,,,nonbeak,orange
Balistidae_Xanthichthys_caeruleolineatus_USNMAG7PV58,Balistidae_Xanthichthys_caeruleolineatus_USNMAG7PV58,low_reef,reef,red,darkorange2,#F35B04,marine,red,,,nonbeak,orange
Balistidae_Xanthichthys_lineopunctatus_EPLATE_51_A12,Balistidae_Xanthichthys_lineopunctatus_EPLATE_51_A12,low_reef,reef,red,darkorange2,#F35B04,marine,red,,,nonbeak,orange
Balistidae_Xanthichthys_mento_T0065,Balistidae_Xanthichthys_mento_T0065,low_reef,reef,red,darkorange2,#F35B04,marine,red,,,nonbeak,orange
Balistidae_Xanthichthys_ringens_T0070,Balistidae_Xanthichthys_ringens_T0070,low_reef,reef,red,darkorange2,#F35B04,marine,red,,,nonbeak,orange
Balistidae_Xenobalistes_tumidipectoris_EPLATE_53_F03,Balistidae_Xenobalistes_tumidipectoris_EPLATE_53_F03,nonreef,nonreef,grey,darkorange2,#F35B04,marine,red,,,nonbeak,orange
Caproidae_Antigonia_capros_T0001,Caproidae_Antigonia_capros_T0001,nonreef,nonreef,grey,azure4,,marine,red,,,nonbeak,orange
Cyttus_novaezelandiae,Cyttus_novaezelandiae,nonreef,nonreef,grey,azure4,,marine,red,,,nonbeak,orange
Diodontidae_Allomycterus_pilatus_T0071,Diodontidae_Allomycterus_pilatus_T0071,low_reef,reef,red,deepskyblue3,#3A0CA3,marine,red,,,beak,blue
Diodontidae_Chilomycterus_antennatus_USNMAC2WT95,Diodontidae_Chilomycterus_antennatus_USNMAC2WT95,low_reef,reef,red,deepskyblue3,#3A0CA3,marine,red,,,beak,blue
Diodontidae_Chilomycterus_geometricus_T0098,Diodontidae_Chilomycterus_geometricus_T0098,low_reef,reef,red,deepskyblue3,#3A0CA3,marine,red,,,beak,blue
Diodontidae_Chilomycterus_reticulatus_EPLATE_74_A07,Diodontidae_Chilomycterus_reticulatus_EPLATE_74_A07,low_reef,reef,red,deepskyblue3,#3A0CA3,marine,red,,,beak,blue
Diodontidae_Chilomycterus_schoepfii_USNMAC2WQ63,Diodontidae_Chilomycterus_schoepfii_USNMAC2WQ63,low_reef,reef,red,deepskyblue3,#3A0CA3,marine,red,,,beak,blue
Diodontidae_Chilomycterus_spinosus_USNMAD9NF85,Diodontidae_Chilomycterus_spinosus_USNMAD9NF85,low_reef,reef,red,deepskyblue3,#3A0CA3,marine,red,,,beak,blue
Diodontidae_Diodon_holocanthus_UPRFL0286,Diodontidae_Diodon_holocanthus_UPRFL0286,low_reef,reef,red,deepskyblue3,#3A0CA3,marine,red,,,beak,blue
Diodontidae_Diodon_hystrix_STRIBFT11552,Diodontidae_Diodon_hystrix_STRIBFT11552,strong_reef,reef,red,deepskyblue3,#3A0CA3,marine,red,,,beak,blue
Diodontidae_Diodon_liturosus_T0099,Diodontidae_Diodon_liturosus_T0099,mod_reef,reef,red,deepskyblue3,#3A0CA3,marine,red,,,beak,blue
Diodontidae_Diodon_nicthemerus_EPLATE_52_A12,Diodontidae_Diodon_nicthemerus_EPLATE_52_A12,low_reef,reef,red,deepskyblue3,#3A0CA3,marine,red,,,beak,blue
Diodontidae_Tragulichthys_jaculiferus_EPLATE_52_G11,Diodontidae_Tragulichthys_jaculiferus_EPLATE_52_G11,low_reef,reef,red,deepskyblue3,#3A0CA3,marine,red,,,beak,blue
FF_Acanthopleurus_collettei,FF_Acanthopleurus_collettei,,nonreef,grey,,,,,,,nonbeak,orange
FF_Acanthopleurus_serratus,FF_Acanthopleurus_serratus,,nonreef,grey,,,,,,,nonbeak,
FF_Acanthopleurus_trispinosus,FF_Acanthopleurus_trispinosus,,nonreef,grey,,,,,,,nonbeak,
FF_Alutera_shigensis,FF_Alutera_shigensis,,nonreef,grey,,,,,,,nonbeak,
FF_Archaeotetraodon_bannikovi,FF_Archaeotetraodon_bannikovi,,nonreef,grey,,,,,,,beak,
FF_Archaeotetraodon_cerrinaferoni,FF_Archaeotetraodon_cerrinaferoni,,nonreef,grey,,,,,,,beak,
FF_Archaeotetraodon_dicarloi,FF_Archaeotetraodon_dicarloi,,nonreef,grey,,,,,,,beak,
FF_Archaeotetraodon_jamestyleri,FF_Archaeotetraodon_jamestyleri,,nonreef,grey,,,,,,,beak,
FF_Archaeotetraodon_winterbottomi,FF_Archaeotetraodon_winterbottomi,,nonreef,grey,,,,,,,beak,
FF_Archaeotetraodon_zafaranai,FF_Archaeotetraodon_zafaranai,,nonreef,grey,,,,,,,beak,
FF_Austromola_angerhoferi,FF_Austromola_angerhoferi,,nonreef,grey,,,,,,,beak,
FF_Balistomorphus_orbiculatus,FF_Balistomorphus_orbiculatus,,nonreef,grey,,,,,,,nonbeak,
FF_Balistomorphus_ovalis,FF_Balistomorphus_ovalis,,nonreef,grey,,,,,,,nonbeak,
FF_Balistomorphus_spinosus,FF_Balistomorphus_spinosus,,nonreef,grey,,,,,,,nonbeak,
FF_Balkaria_histiopterygia,FF_Balkaria_histiopterygia,,nonreef,grey,,,,,,,beak,
FF_Bolcabalistes_varii,FF_Bolcabalistes_varii,,reef,red,,,,,,,nonbeak,
FF_Carpathospinosus_propheticus,FF_Carpathospinosus_propheticus,,nonreef,grey,,,,,,,nonbeak,
FF_Cretatriacanthus_guidottii,FF_Cretatriacanthus_guidottii,,nonreef,grey,,,,,,,nonbeak,
FF_Cryptobalistes_brevis,FF_Cryptobalistes_brevis,,nonreef,grey,,,,,,,nonbeak,
FF_Ctenoplectus_williamsi,FF_Ctenoplectus_williamsi,nonreef,nonreef,grey,azure4,#F72585,marine,red,,,beak,blue
FF_Eolactoria_sorbinii,FF_Eolactoria_sorbinii,,reef,red,,,,,,,nonbeak,
FF_Eomola_bimaxillaria,FF_Eomola_bimaxillaria,,nonreef,grey,,,,,,,beak,
FF_Eoplectus_bloti,FF_Eoplectus_bloti,,reef,red,,,,,,,beak,
FF_Eospinus_daniltshenkoi,FF_Eospinus_daniltshenkoi,,nonreef,grey,,,,,,,nonbeak,
FF_Eotetraodon_gornylutshensis,FF_Eotetraodon_gornylutshensis,,nonreef,grey,,,,,,,beak,
FF_Eotetraodon_pygmaeus,FF_Eotetraodon_pygmaeus,,reef,red,,,,,,,beak,
FF_Eotetraodon_tavernei,FF_Eotetraodon_tavernei,,reef,red,,,,,,,beak,
FF_Frigocanthus_margaritatus,FF_Frigocanthus_margaritatus,,nonreef,grey,,,,,,,nonbeak,
FF_Frigocanthus_stroppanobili,FF_Frigocanthus_stroppanobili,,nonreef,grey,,,,,,,nonbeak,
FF_Gornylistes_prodigiosus,FF_Gornylistes_prodigiosus,,nonreef,grey,,,,,,,nonbeak,
FF_Heptadiodon_echinus,FF_Heptadiodon_echinus,,reef,red,,,,,,,beak,
FF_Iraniplectus_bakhtiari,FF_Iraniplectus_bakhtiari,,nonreef,grey,,,,,,,beak,
FF_Leithaodon_sandroi,FF_Leithaodon_sandroi,,nonreef,grey,,,,,,,beak,
FF_Moclaybalistes_danekrus,FF_Moclaybalistes_danekrus,,nonreef,grey,,,,,,,nonbeak,
FF_Oligobalistes_robustus,FF_Oligobalistes_robustus,,nonreef,grey,,,,,,,nonbeak,
FF_Oligolactoria_bubiki,FF_Oligolactoria_bubiki,,nonreef,grey,,,,,,,nonbeak,
FF_Plectocretacicus_clarae,FF_Plectocretacicus_clarae,,nonreef,grey,,,,,,,nonbeak,
FF_Proaracana_dubia,FF_Proaracana_dubia,,reef,red,,,,,,,nonbeak,
FF_Prodiodon_erinaceus,FF_Prodiodon_erinaceus,,reef,red,,,,,,,beak,
FF_Prodiodon_tenuispinus,FF_Prodiodon_tenuispinus,,reef,red,,,,,,,beak,
FF_Prohollardia_avita,FF_Prohollardia_avita,,nonreef,grey,,,,,,,nonbeak,
FF_Protacanthodes_nimesensis,FF_Protacanthodes_nimesensis,,reef,red,,,,,,,nonbeak,
FF_Protacanthodes_ombonii,FF_Protacanthodes_ombonii,,reef,red,,,,,,,nonbeak,
FF_Protobalistum_imperialis,FF_Protobalistum_imperialis,,reef,red,,,,,,,nonbeak,
FF_Protriacanthus_gortanii,FF_Protriacanthus_gortanii,,nonreef,grey,,,,,,,nonbeak,
FF_Pshekhadiodon_parini,FF_Pshekhadiodon_parini,,nonreef,grey,,,,,,,beak,
FF_Slovenitriacanthus_saksidae,FF_Slovenitriacanthus_saksidae,,nonreef,grey,,,,,,,nonbeak,
FF_Sphoeroides_hyperostosus,FF_Sphoeroides_hyperostosus,low_reef,nonreef,grey,azure4,#3A0CA3,marine,red,,,beak,blue
FF_Spinacanthus_cuneiformis,FF_Spinacanthus_cuneiformis,,reef,red,,,,,,,nonbeak,
FF_Triodon_antiquus,FF_Triodon_antiquus,nonreef,nonreef,grey,azure4,#F72585,marine,red,,,beak,blue
FF_Zignodon_fornasieroae,FF_Zignodon_fornasieroae,,reef,red,,,,,,,beak,
FF_Zignoichthys_oblongus,FF_Zignoichthys_oblongus,,reef,red,,,,,,,beak,
Lophiidae_Lophiodes_caulinaris_USNMAG7PC44,Lophiidae_Lophiodes_caulinaris_USNMAG7PC44,nonreef,nonreef,grey,azure4,,marine,red,,,nonbeak,
Lophiidae_Lophiodes_spilurus_USNMAG7PF91,Lophiidae_Lophiodes_spilurus_USNMAG7PF91,nonreef,nonreef,grey,azure4,,marine,red,,,nonbeak,
Lophiidae_Lophiomus_cf_setigerus_EPLATE_47_G05,Lophiidae_Lophiomus_cf_setigerus_EPLATE_47_G05,nonreef,nonreef,grey,azure4,,marine,red,,,nonbeak,
Lophiidae_Lophius_litulon_CSIROGT6889,Lophiidae_Lophius_litulon_CSIROGT6889,nonreef,nonreef,grey,azure4,,marine,red,,,nonbeak,
Lophiodes_monodi,Lophiodes_monodi,nonreef,nonreef,grey,azure4,,marine,red,,,nonbeak,
Molidae_Masturus_lanceolatus_T0028,Molidae_Masturus_lanceolatus_T0028,nonreef,nonreef,grey,red,#3A0CA3,marine,red,,,beak,blue
Molidae_Ranzania_laevis_T0042,Molidae_Ranzania_laevis_T0042,nonreef,nonreef,grey,red,#3A0CA3,marine,red,,,beak,blue
Monacanthidae_Acreichthys_tomentosus_T0073,Monacanthidae_Acreichthys_tomentosus_T0073,low_reef,reef,red,lightblue,#F35B04,marine,red,,,nonbeak,orange
Monacanthidae_Aluterus_heudelotii_USNMAD9NE01,Monacanthidae_Aluterus_heudelotii_USNMAD9NE01,nonreef,nonreef,grey,lightblue,#F35B04,marine,red,,,nonbeak,orange
Monacanthidae_Aluterus_monoceros_UPRFL1497,Monacanthidae_Aluterus_monoceros_UPRFL1497,nonreef,nonreef,grey,lightblue,#F35B04,marine,red,,,nonbeak,orange
Monacanthidae_Aluterus_scriptus_UPRFL0003,Monacanthidae_Aluterus_scriptus_UPRFL0003,mod_reef,reef,red,lightblue,#F35B04,marine,red,,,nonbeak,orange
Monacanthidae_Amanses_scopas_USNMAG5NQ54,Monacanthidae_Amanses_scopas_USNMAG5NQ54,low_reef,reef,red,lightblue,#F35B04,marine,red,,,nonbeak,orange
Monacanthidae_Cantherhines_dumerilii_USNMAG9RT41,Monacanthidae_Cantherhines_dumerilii_USNMAG9RT41,strong_reef,reef,red,lightblue,#F35B04,marine,red,,,nonbeak,orange
Monacanthidae_Cantherhines_fronticinctus_USNMAC1VI44,Monacanthidae_Cantherhines_fronticinctus_USNMAC1VI44,low_reef,reef,red,lightblue,#F35B04,marine,red,,,nonbeak,orange
Monacanthidae_Cantherhines_longicaudus_USNMAG9RP49,Monacanthidae_Cantherhines_longicaudus_USNMAG9RP49,nonreef,nonreef,grey,lightblue,#F35B04,marine,red,,,nonbeak,orange
Monacanthidae_Cantherhines_nukuhiva_USNMAG7PW33,Monacanthidae_Cantherhines_nukuhiva_USNMAG7PW33,low_reef,reef,red,lightblue,#F35B04,marine,red,,,nonbeak,orange
Monacanthidae_Cantherhines_pardalis_USNMAB6QU07,Monacanthidae_Cantherhines_pardalis_USNMAB6QU07,low_reef,reef,red,lightblue,#F35B04,marine,red,,,nonbeak,orange
Monacanthidae_Cantherhines_pullus_UPRFL0403,Monacanthidae_Cantherhines_pullus_UPRFL0403,mod_reef,reef,red,lightblue,#F35B04,marine,red,,,nonbeak,orange
Monacanthidae_Cantherhines_sandwichiensis_USNMAG5NP68,Monacanthidae_Cantherhines_sandwichiensis_USNMAG5NP68,mod_reef,reef,red,lightblue,#F35B04,marine,red,,,nonbeak,orange
Monacanthidae_Chaetoderma_penicilligera_EPLATE_51_F09,Monacanthidae_Chaetoderma_penicilligera_EPLATE_51_F09,low_reef,reef,red,lightblue,#F35B04,marine,red,,,nonbeak,orange
Monacanthidae_Eubalichthys_bucephalus_EPLATE_74_D04,Monacanthidae_Eubalichthys_bucephalus_EPLATE_74_D04,nonreef,nonreef,grey,lightblue,#F35B04,marine,red,,,nonbeak,orange
Monacanthidae_Eubalichthys_caeruleoguttatus_EPLATE_51_G09,Monacanthidae_Eubalichthys_caeruleoguttatus_EPLATE_51_G09,nonreef,nonreef,grey,lightblue,#F35B04,marine,red,,,nonbeak,orange
Monacanthidae_Eubalichthys_mosaicus_EPLATE_53_B03,Monacanthidae_Eubalichthys_mosaicus_EPLATE_53_B03,low_reef,reef,red,lightblue,#F35B04,marine,red,,,nonbeak,orange
Monacanthidae_Eubalichthys_quadrispinis_EPLATE_53_G02,Monacanthidae_Eubalichthys_quadrispinis_EPLATE_53_G02,low_reef,reef,red,lightblue,#F35B04,marine,red,,,nonbeak,orange
Monacanthidae_Meuschenia_trachylepis_EPLATE_53_G01,Monacanthidae_Meuschenia_trachylepis_EPLATE_53_G01,low_reef,reef,red,lightblue,#F35B04,marine,red,,,nonbeak,orange
Monacanthidae_Monacanthus_chinensis_ciliatus_T0074,Monacanthidae_Monacanthus_chinensis_ciliatus_T0074,low_reef,reef,red,lightblue,#F35B04,marine,red,,,nonbeak,orange
Monacanthidae_Oxymonacanthus_longirostris_EPLATE_53_G05,Monacanthidae_Oxymonacanthus_longirostris_EPLATE_53_G05,strong_reef,reef,red,lightblue,#F35B04,marine,red,,,nonbeak,orange
Monacanthidae_Paraluteres_prionurus_T0040,Monacanthidae_Paraluteres_prionurus_T0040,low_reef,reef,red,lightblue,#F35B04,marine,red,,,nonbeak,orange
Monacanthidae_Paramonacanthus_choirocephalus_EPLATE_53_D01,Monacanthidae_Paramonacanthus_choirocephalus_EPLATE_53_D01,nonreef,nonreef,grey,lightblue,#F35B04,marine,red,,,nonbeak,orange
Monacanthidae_Paramonacanthus_filicauda_EPLATE_53_C01,Monacanthidae_Paramonacanthus_filicauda_EPLATE_53_C01,nonreef,nonreef,grey,lightblue,#F35B04,marine,red,,,nonbeak,orange
Monacanthidae_Paramonacanthus_japonicus_EPLATE_51_B11,Monacanthidae_Paramonacanthus_japonicus_EPLATE_51_B11,nonreef,nonreef,grey,lightblue,#F35B04,marine,red,,,nonbeak,orange
Monacanthidae_Paramonacanthus_lowei_EPLATE_51_C11,Monacanthidae_Paramonacanthus_lowei_EPLATE_51_C11,nonreef,nonreef,grey,lightblue,#F35B04,marine,red,,,nonbeak,orange
Monacanthidae_Paramonacanthus_oblongus_EPLATE_53_E01,Monacanthidae_Paramonacanthus_oblongus_EPLATE_53_E01,nonreef,nonreef,grey,lightblue,#F35B04,marine,red,,,nonbeak,orange
Monacanthidae_Pervagor_aspricaudus_USNMAG5NP14,Monacanthidae_Pervagor_aspricaudus_USNMAG5NP14,low_reef,reef,red,lightblue,#F35B04,marine,red,,,nonbeak,orange
Monacanthidae_Pervagor_janthinosoma_EPLATE_53_A06,Monacanthidae_Pervagor_janthinosoma_EPLATE_53_A06,low_reef,reef,red,lightblue,#F35B04,marine,red,,,nonbeak,orange
Monacanthidae_Pervagor_marginalis_USNMAG7PU39,Monacanthidae_Pervagor_marginalis_USNMAG7PU39,low_reef,reef,red,lightblue,#F35B04,marine,red,,,nonbeak,orange
Monacanthidae_Pervagor_melanocephalus_USNMAB6QU45,Monacanthidae_Pervagor_melanocephalus_USNMAB6QU45,low_reef,reef,red,lightblue,#F35B04,marine,red,,,nonbeak,orange
Monacanthidae_Pervagor_nigrolineatus_T0076,Monacanthidae_Pervagor_nigrolineatus_T0076,low_reef,reef,red,lightblue,#F35B04,marine,red,,,nonbeak,orange
Monacanthidae_Pseudalutarius_cf_nasicornis_EPLATE_53_B01,Monacanthidae_Pseudalutarius_cf_nasicornis_EPLATE_53_B01,low_reef,reef,red,lightblue,#F35B04,marine,red,,,nonbeak,orange
Monacanthidae_Pseudomonacanthus_elongatus_EPLATE_51_H09,Monacanthidae_Pseudomonacanthus_elongatus_EPLATE_51_H09,nonreef,nonreef,grey,lightblue,#F35B04,marine,red,,,nonbeak,orange
Monacanthidae_Pseudomonacanthus_macrurus_USNMAB6QQ85,Monacanthidae_Pseudomonacanthus_macrurus_USNMAB6QQ85,low_reef,reef,red,lightblue,#F35B04,marine,red,,,nonbeak,orange
Monacanthidae_Pseudomonacanthus_peroni_EPLATE_52_D12,Monacanthidae_Pseudomonacanthus_peroni_EPLATE_52_D12,low_reef,reef,red,lightblue,#F35B04,marine,red,,,nonbeak,orange
Monacanthidae_Rudarius_minutus_EPLATE_53_F05,Monacanthidae_Rudarius_minutus_EPLATE_53_F05,low_reef,reef,red,lightblue,#F35B04,marine,red,,,nonbeak,orange
Monacanthidae_Stephanolepis_cirrhifer_T0077,Monacanthidae_Stephanolepis_cirrhifer_T0077,nonreef,nonreef,grey,lightblue,#F35B04,marine,red,,,nonbeak,orange
Monacanthidae_Stephanolepis_hispidus_USNMAD9ND41,Monacanthidae_Stephanolepis_hispidus_USNMAD9ND41,low_reef,reef,red,lightblue,#F35B04,marine,red,,,nonbeak,orange
Monacanthidae_Stephanolepis_setifer_USNMAC4YM29,Monacanthidae_Stephanolepis_setifer_USNMAC4YM29,low_reef,reef,red,lightblue,#F35B04,marine,red,,,nonbeak,orange
Monacanthidae_Thamnaconus_degeni_EPLATE_53_B02,Monacanthidae_Thamnaconus_degeni_EPLATE_53_B02,nonreef,nonreef,grey,lightblue,#F35B04,marine,red,,,nonbeak,orange
Monacanthidae_Thamnaconus_tessellatus_EPLATE_53_D03,Monacanthidae_Thamnaconus_tessellatus_EPLATE_53_D03,nonreef,nonreef,grey,lightblue,#F35B04,marine,red,,,nonbeak,orange
Monocanthidae_Acanthaluteres_spilomelanurus_EPLATE_53_A02,Monocanthidae_Acanthaluteres_spilomelanurus_EPLATE_53_A02,nonreef,nonreef,grey,lightblue,#F35B04,marine,red,,,nonbeak,orange
Monocanthidae_Acanthaluteres_vittiger_EPLATE_53_C02,Monocanthidae_Acanthaluteres_vittiger_EPLATE_53_C02,nonreef,nonreef,grey,lightblue,#F35B04,marine,red,,,nonbeak,orange
Monocanthidae_Anacanthus_barbatus_EPLATE_52_E12,Monocanthidae_Anacanthus_barbatus_EPLATE_52_E12,low_reef,reef,red,lightblue,#F35B04,marine,red,,,nonbeak,orange
Monocanthidae_Brachaluteres_jacksonianus_EPLATE_52_F12,Monocanthidae_Brachaluteres_jacksonianus_EPLATE_52_F12,low_reef,reef,red,lightblue,#F35B04,marine,red,,,nonbeak,orange
Monocanthidae_Brachaluteres_taylori_EPLATE_52_G12,Monocanthidae_Brachaluteres_taylori_EPLATE_52_G12,low_reef,reef,red,lightblue,#F35B04,marine,red,,,nonbeak,orange
Monocanthidae_Cantheschenia_grandisquamis_EPLATE_53_C03,Monocanthidae_Cantheschenia_grandisquamis_EPLATE_53_C03,low_reef,reef,red,lightblue,#F35B04,marine,red,,,nonbeak,orange
Monocanthidae_Eubalichthys_gunnii_EPLATE_53_A03,Monocanthidae_Eubalichthys_gunnii_EPLATE_53_A03,nonreef,nonreef,grey,lightblue,#F35B04,marine,red,,,nonbeak,orange
Monocanthidae_Thamnaconus_striatus_EPLATE_51_G11,Monocanthidae_Thamnaconus_striatus_EPLATE_51_G11,nonreef,nonreef,grey,lightblue,#F35B04,marine,red,,,nonbeak,orange
Ostraciidae_Acanthostracion_polygonius_USNMAC2WV43,Ostraciidae_Acanthostracion_polygonius_USNMAC2WV43,low_reef,reef,red,lightgoldenrod1,#FDC500,marine,red,,,nonbeak,orange
Ostraciidae_Acanthostracion_quadricornis_UPRFL0075,Ostraciidae_Acanthostracion_quadricornis_UPRFL0075,low_reef,reef,red,lightgoldenrod1,#FDC500,marine,red,,,nonbeak,orange
Ostraciidae_Lactophrys_trigonus_USNMAC2WQ88,Ostraciidae_Lactophrys_trigonus_USNMAC2WQ88,low_reef,reef,red,lightgoldenrod1,#FDC500,marine,red,,,nonbeak,orange
Ostraciidae_Lactophrys_triqueter_UPRFL0072,Ostraciidae_Lactophrys_triqueter_UPRFL0072,low_reef,reef,red,lightgoldenrod1,#FDC500,marine,red,,,nonbeak,orange
Ostraciidae_Lactoria_cornuta_USNMAG9RD87,Ostraciidae_Lactoria_cornuta_USNMAG9RD87,low_reef,reef,red,lightgoldenrod1,#FDC500,marine,red,,,nonbeak,orange
Ostraciidae_Lactoria_diaphana_T0026,Ostraciidae_Lactoria_diaphana_T0026,mod_reef,reef,red,lightgoldenrod1,#FDC500,marine,red,,,nonbeak,orange
Ostraciidae_Lactoria_fornasini_T0055,Ostraciidae_Lactoria_fornasini_T0055,low_reef,reef,red,lightgoldenrod1,#FDC500,marine,red,,,nonbeak,orange
Ostraciidae_Ostracion_cubicus_USNMAG5NP65,Ostraciidae_Ostracion_cubicus_USNMAG5NP65,mod_reef,reef,red,lightgoldenrod1,#FDC500,marine,red,,,nonbeak,orange
Ostraciidae_Ostracion_meleagris_USNMAG9RT93,Ostraciidae_Ostracion_meleagris_USNMAG9RT93,mod_reef,reef,red,lightgoldenrod1,#FDC500,marine,red,,,nonbeak,orange
Ostraciidae_Ostracion_nasus_tuberculatus_T0035,Ostraciidae_Ostracion_nasus_tuberculatus_T0035,low_reef,reef,red,lightgoldenrod1,#FDC500,marine,red,,,nonbeak,orange
Ostraciidae_Ostracion_rhinorhynchos_T0036,Ostraciidae_Ostracion_rhinorhynchos_T0036,low_reef,reef,red,lightgoldenrod1,#FDC500,marine,red,,,nonbeak,orange
Ostraciidae_Ostracion_solorensis_T0037,Ostraciidae_Ostracion_solorensis_T0037,low_reef,reef,red,lightgoldenrod1,#FDC500,marine,red,,,nonbeak,orange
Ostraciidae_Ostracion_whitleyi_USNMAG7PW56,Ostraciidae_Ostracion_whitleyi_USNMAG7PW56,low_reef,reef,red,lightgoldenrod1,#FDC500,marine,red,,,nonbeak,orange
Ostraciidae_Rhynchostracion_nasus_EPLATE_53_D05,Ostraciidae_Rhynchostracion_nasus_EPLATE_53_D05,low_reef,reef,red,lightgoldenrod1,#FDC500,marine,red,,,nonbeak,orange
Ostraciidae_Tetrosomus_concatenatus_T0056,Ostraciidae_Tetrosomus_concatenatus_T0056,low_reef,reef,red,lightgoldenrod1,#FDC500,marine,red,,,nonbeak,orange
Ostraciidae_Tetrosomus_gibbosus_T0057,Ostraciidae_Tetrosomus_gibbosus_T0057,low_reef,reef,red,lightgoldenrod1,#FDC500,marine,red,,,nonbeak,orange
Teleost_Euteleost_Eupercaria_Tetraodontiformes_Molidae_Mola_mola,Teleost_Euteleost_Eupercaria_Tetraodontiformes_Molidae_Mola_mola,nonreef,nonreef,grey,yellow,#3A0CA3,marine,red,,,beak,blue
Teleost_Euteleost_Eupercaria_Tetraodontiformes_Tetraodontidae_Takifugu_flavidus,Teleost_Euteleost_Eupercaria_Tetraodontiformes_Tetraodontidae_Takifugu_flavidus,nonreef,nonreef,grey,forestgreen,#3A0CA3,marine,red,,,beak,blue
Teleost_Euteleost_Eupercaria_Tetraodontiformes_Tetraodontidae_Takifugu_rubripes,Teleost_Euteleost_Eupercaria_Tetraodontiformes_Tetraodontidae_Takifugu_rubripes,nonreef,nonreef,grey,forestgreen,#3A0CA3,freshwater,grey,freshwater,grey,beak,blue
Teleost_Euteleost_Eupercaria_Tetraodontiformes_Tetraodontidae_Tetraodon_nigroviridis,Teleost_Euteleost_Eupercaria_Tetraodontiformes_Tetraodontidae_Tetraodon_nigroviridis,nonreef,nonreef,grey,forestgreen,#3A0CA3,freshwater,grey,freshwater,grey,beak,blue
Tetraodontidae_Arothron_hispidus_USNMAG9RU11,Tetraodontidae_Arothron_hispidus_USNMAG9RU11,mod_reef,reef,red,forestgreen,#3A0CA3,marine,red,brackish,blue,beak,blue
Tetraodontidae_Arothron_meleagris_USNMAG5NP43,Tetraodontidae_Arothron_meleagris_USNMAG5NP43,strong_reef,reef,red,forestgreen,#3A0CA3,marine,red,marine,red,beak,blue
Tetraodontidae_Arothron_nigropunctatus_EPLATE_53_E05,Tetraodontidae_Arothron_nigropunctatus_EPLATE_53_E05,strong_reef,reef,red,forestgreen,#3A0CA3,marine,red,marine,red,beak,blue
Tetraodontidae_Arothron_reticularis_EPLATE_51_C07,Tetraodontidae_Arothron_reticularis_EPLATE_51_C07,mod_reef,reef,red,forestgreen,#3A0CA3,marine,red,marine,red,beak,blue
Tetraodontidae_Arothron_stellatus_T0078,Tetraodontidae_Arothron_stellatus_T0078,mod_reef,reef,red,forestgreen,#3A0CA3,marine,red,brackish,blue,beak,blue
Tetraodontidae_Auriglobus_nefastus_T0100,Tetraodontidae_Auriglobus_nefastus_T0100,nonreef,nonreef,grey,forestgreen,#3A0CA3,freshwater,grey,freshwater,grey,beak,blue
Tetraodontidae_Canthigaster_axiologus_USNMAG9RT89,Tetraodontidae_Canthigaster_axiologus_USNMAG9RT89,low_reef,reef,red,forestgreen,#3A0CA3,marine,red,marine,red,beak,blue
Tetraodontidae_Canthigaster_bennetti_USNMAG5NT52,Tetraodontidae_Canthigaster_bennetti_USNMAG5NT52,strong_reef,reef,red,forestgreen,#3A0CA3,marine,red,marine,red,beak,blue
Tetraodontidae_Canthigaster_coronata_T0079,Tetraodontidae_Canthigaster_coronata_T0079,low_reef,reef,red,forestgreen,#3A0CA3,marine,red,marine,red,beak,blue
Tetraodontidae_Canthigaster_criobe_USNMAG9RL45,Tetraodontidae_Canthigaster_criobe_USNMAG9RL45,low_reef,reef,red,forestgreen,#3A0CA3,marine,red,marine,red,beak,blue
Tetraodontidae_Canthigaster_cyanospilota_EPLATE_51_B07,Tetraodontidae_Canthigaster_cyanospilota_EPLATE_51_B07,low_reef,reef,red,forestgreen,#3A0CA3,marine,red,marine,red,beak,blue
Tetraodontidae_Canthigaster_jactator_T0080,Tetraodontidae_Canthigaster_jactator_T0080,low_reef,reef,red,forestgreen,#3A0CA3,marine,red,marine,red,beak,blue
Tetraodontidae_Canthigaster_janthinoptera_USNMAG5NQ15,Tetraodontidae_Canthigaster_janthinoptera_USNMAG5NQ15,low_reef,reef,red,forestgreen,#3A0CA3,marine,red,marine,red,beak,blue
Tetraodontidae_Canthigaster_marquesensis_USNMAG7PY23,Tetraodontidae_Canthigaster_marquesensis_USNMAG7PY23,low_reef,reef,red,forestgreen,#3A0CA3,marine,red,marine,red,beak,blue
Tetraodontidae_Canthigaster_punctatissima_UPRFL0354,Tetraodontidae_Canthigaster_punctatissima_UPRFL0354,low_reef,reef,red,forestgreen,#3A0CA3,marine,red,marine,red,beak,blue
Tetraodontidae_Canthigaster_rapaensis_USNMAG9RO95,Tetraodontidae_Canthigaster_rapaensis_USNMAG9RO95,low_reef,reef,red,forestgreen,#3A0CA3,marine,red,marine,red,beak,blue
Tetraodontidae_Canthigaster_rostrata_UPRFL0412,Tetraodontidae_Canthigaster_rostrata_UPRFL0412,low_reef,reef,red,forestgreen,#3A0CA3,marine,red,marine,red,beak,blue
Tetraodontidae_Canthigaster_solandri_KU7224,Tetraodontidae_Canthigaster_solandri_KU7224,strong_reef,reef,red,forestgreen,#3A0CA3,marine,red,marine,red,beak,blue
Tetraodontidae_Canthigaster_valentini_USNMAG5NP15,Tetraodontidae_Canthigaster_valentini_USNMAG5NP15,mod_reef,reef,red,forestgreen,#3A0CA3,marine,red,marine,red,beak,blue
Tetraodontidae_Carinotetraodon_salivator_T0081,Tetraodontidae_Carinotetraodon_salivator_T0081,nonreef,nonreef,grey,forestgreen,#3A0CA3,freshwater,grey,freshwater,grey,beak,blue
Tetraodontidae_Chelonodon_patoca_EPLATE_51_A11,Tetraodontidae_Chelonodon_patoca_EPLATE_51_A11,nonreef,nonreef,grey,forestgreen,#3A0CA3,freshwater,grey,freshwater,grey,beak,blue
Tetraodontidae_Chonerhinos_naritus_T0083,Tetraodontidae_Chonerhinos_naritus_T0083,nonreef,nonreef,grey,forestgreen,#3A0CA3,freshwater,grey,freshwater,grey,beak,blue
Tetraodontidae_Colomesus_asellus_T0084,Tetraodontidae_Colomesus_asellus_T0084,nonreef,nonreef,grey,forestgreen,#3A0CA3,freshwater,grey,freshwater,grey,beak,blue
Tetraodontidae_Feroxodon_multistriatus_EPLATE_51_D07,Tetraodontidae_Feroxodon_multistriatus_EPLATE_51_D07,low_reef,reef,red,forestgreen,#3A0CA3,marine,red,marine,red,beak,blue
Tetraodontidae_Lagocephalus_cheesemanii_EPLATE_52_D10,Tetraodontidae_Lagocephalus_cheesemanii_EPLATE_52_D10,nonreef,nonreef,grey,forestgreen,#3A0CA3,marine,red,marine,red,beak,blue
Tetraodontidae_Lagocephalus_guentheri_USNMAC1VJ91,Tetraodontidae_Lagocephalus_guentheri_USNMAC1VJ91,nonreef,nonreef,grey,forestgreen,#3A0CA3,marine,red,marine,red,beak,blue
Tetraodontidae_Lagocephalus_laevigatus_UPRFL1635,Tetraodontidae_Lagocephalus_laevigatus_UPRFL1635,nonreef,nonreef,grey,forestgreen,#3A0CA3,marine,red,brackish,blue,beak,blue
Tetraodontidae_Lagocephalus_sceleratus_EPLATE_52_C10,Tetraodontidae_Lagocephalus_sceleratus_EPLATE_52_C10,nonreef,nonreef,grey,forestgreen,#3A0CA3,marine,red,marine,red,beak,blue
Tetraodontidae_Lagocephalus_spadiceus_USNMAG9RG48,Tetraodontidae_Lagocephalus_spadiceus_USNMAG9RG48,nonreef,nonreef,grey,forestgreen,#3A0CA3,marine,red,brackish,blue,beak,blue
Tetraodontidae_Marilyna_darwinii_T0085,Tetraodontidae_Marilyna_darwinii_T0085,nonreef,nonreef,grey,forestgreen,#3A0CA3,marine,red,brackish,blue,beak,blue
Tetraodontidae_Monotrete_leiurus_T0086,Tetraodontidae_Monotrete_leiurus_T0086,nonreef,nonreef,grey,forestgreen,#3A0CA3,freshwater,grey,freshwater,grey,beak,blue
Tetraodontidae_Sphoeroides_annulatus_BFT05089,Tetraodontidae_Sphoeroides_annulatus_BFT05089,low_reef,reef,red,forestgreen,#3A0CA3,marine,red,brackish,blue,beak,blue
Tetraodontidae_Sphoeroides_dorsalis_USNMAB4OP01,Tetraodontidae_Sphoeroides_dorsalis_USNMAB4OP01,nonreef,nonreef,grey,forestgreen,#3A0CA3,marine,red,marine,red,beak,blue
Tetraodontidae_Sphoeroides_greeleyi_UPRFL1637,Tetraodontidae_Sphoeroides_greeleyi_UPRFL1637,low_reef,reef,red,forestgreen,#3A0CA3,marine,red,brackish,blue,beak,blue
Tetraodontidae_Sphoeroides_lobatus_UPRFL1301,Tetraodontidae_Sphoeroides_lobatus_UPRFL1301,nonreef,nonreef,grey,forestgreen,#3A0CA3,marine,red,brackish,blue,beak,blue
Tetraodontidae_Sphoeroides_maculatus_USNMAE2QZ45,Tetraodontidae_Sphoeroides_maculatus_USNMAE2QZ45,nonreef,nonreef,grey,forestgreen,#3A0CA3,marine,red,brackish,blue,beak,blue
Tetraodontidae_Sphoeroides_marmoratus_USNMAD9NE03,Tetraodontidae_Sphoeroides_marmoratus_USNMAD9NE03,nonreef,nonreef,grey,forestgreen,#3A0CA3,marine,red,marine,red,beak,blue
Tetraodontidae_Sphoeroides_nephelus_USNMAC4YB58,Tetraodontidae_Sphoeroides_nephelus_USNMAC4YB58,low_reef,reef,red,forestgreen,#3A0CA3,marine,red,brackish,blue,beak,blue
Tetraodontidae_Sphoeroides_pachygaster_USNMAD9ND61,Tetraodontidae_Sphoeroides_pachygaster_USNMAD9ND61,nonreef,nonreef,grey,forestgreen,#3A0CA3,marine,red,marine,red,beak,blue
Tetraodontidae_Sphoeroides_spengleri_UPRFL0410,Tetraodontidae_Sphoeroides_spengleri_UPRFL0410,low_reef,reef,red,forestgreen,#3A0CA3,marine,red,brackish,blue,beak,blue
Tetraodontidae_Sphoeroides_testudineus_USNMAC8CC45,Tetraodontidae_Sphoeroides_testudineus_USNMAC8CC45,low_reef,reef,red,forestgreen,#3A0CA3,marine,red,brackish,blue,beak,blue
Tetraodontidae_Takifugu_niphobles_EPLATE_67_F07,Tetraodontidae_Takifugu_niphobles_EPLATE_67_F07,nonreef,nonreef,grey,forestgreen,#3A0CA3,marine,red,marine,red,beak,blue
Tetraodontidae_Takifugu_ocellatus_T0088,Tetraodontidae_Takifugu_ocellatus_T0088,nonreef,nonreef,grey,forestgreen,#3A0CA3,freshwater,grey,freshwater,grey,beak,blue
Tetraodontidae_Tetraodon_biocellatus_T0052,Tetraodontidae_Tetraodon_biocellatus_T0052,nonreef,nonreef,grey,forestgreen,#3A0CA3,freshwater,grey,freshwater,grey,beak,blue
Tetraodontidae_Tetraodon_fluviatilis_T0053,Tetraodontidae_Tetraodon_fluviatilis_T0053,nonreef,nonreef,grey,forestgreen,#3A0CA3,freshwater,grey,freshwater,grey,beak,blue
Tetraodontidae_Tetraodon_mbu_T0089,Tetraodontidae_Tetraodon_mbu_T0089,nonreef,nonreef,grey,forestgreen,#3A0CA3,freshwater,grey,freshwater,grey,beak,blue
Tetraodontidae_Torquigener_hicksii_EPLATE_52_C11,Tetraodontidae_Torquigener_hicksii_EPLATE_52_C11,nonreef,nonreef,grey,forestgreen,#3A0CA3,marine,red,marine,red,beak,blue
Tetraodontidae_Torquigener_parcuspinus_EPLATE_51_E07,Tetraodontidae_Torquigener_parcuspinus_EPLATE_51_E07,nonreef,nonreef,grey,forestgreen,#3A0CA3,marine,red,marine,red,beak,blue
Tetraodontidae_Torquigener_pleurogramma_T0090,Tetraodontidae_Torquigener_pleurogramma_T0090,nonreef,nonreef,grey,forestgreen,#3A0CA3,marine,red,brackish,blue,beak,blue
Tetraodontidae_Tylerius_spinosissimus_T0091,Tetraodontidae_Tylerius_spinosissimus_T0091,nonreef,nonreef,grey,forestgreen,#3A0CA3,marine,red,marine,red,beak,blue
Triacanthidae_Pseudotriacanthus_strigilifer_EPLATE_51_F11,Triacanthidae_Pseudotriacanthus_strigilifer_EPLATE_51_F11,nonreef,nonreef,grey,lightgreen,#4CC9F0,marine,red,,,nonbeak,orange
Triacanthidae_Triacanthus_biaculeatus_T0061,Triacanthidae_Triacanthus_biaculeatus_T0061,nonreef,nonreef,grey,lightgreen,#4CC9F0,marine,red,,,nonbeak,orange
Triacanthidae_Triacanthus_nieuhofi_EPLATE_51_E11,Triacanthidae_Triacanthus_nieuhofi_EPLATE_51_E11,nonreef,nonreef,grey,lightgreen,#4CC9F0,marine,red,,,nonbeak,orange
Triacanthidae_Tripodichthys_blochii_EPLATE_40_C09,Triacanthidae_Tripodichthys_blochii_EPLATE_40_C09,nonreef,nonreef,grey,lightgreen,#4CC9F0,marine,red,,,nonbeak,orange
Triacanthidae_Trixiphichthys_weberi_T0063,Triacanthidae_Trixiphichthys_weberi_T0063,nonreef,nonreef,grey,lightgreen,#4CC9F0,marine,red,,,nonbeak,orange
Triacanthodidae_Atrophacanthus_sp_EPLATE_33_F09,Triacanthodidae_Atrophacanthus_sp_EPLATE_33_F09,nonreef,nonreef,grey,salmon4,#4CC9F0,marine,red,,,nonbeak,orange
Triacanthodidae_Halimochirurgus_alcocki_T0094,Triacanthodidae_Halimochirurgus_alcocki_T0094,nonreef,nonreef,grey,salmon4,#4CC9F0,marine,red,,,nonbeak,orange
Triacanthodidae_Halimochirurgus_centriscoides_53A04,Triacanthodidae_Halimochirurgus_centriscoides_53A04,nonreef,nonreef,grey,salmon4,#4CC9F0,marine,red,,,nonbeak,orange
Triacanthodidae_Halimochirurgus_platycheilus_EPLATE_53_H03,Triacanthodidae_Halimochirurgus_platycheilus_EPLATE_53_H03,nonreef,nonreef,grey,salmon4,#4CC9F0,marine,red,,,nonbeak,orange
Triacanthodidae_Hollardia_hollardia_Vims40109,Triacanthodidae_Hollardia_hollardia_Vims40109,nonreef,nonreef,grey,salmon4,#4CC9F0,marine,red,,,nonbeak,orange
Triacanthodidae_Hollardia_meadi_USNMAG9RL06,Triacanthodidae_Hollardia_meadi_USNMAG9RL06,nonreef,nonreef,grey,salmon4,#4CC9F0,marine,red,,,nonbeak,orange
Triacanthodidae_Parahollardia_lineata_Vims40107,Triacanthodidae_Parahollardia_lineata_Vims40107,nonreef,nonreef,grey,salmon4,#4CC9F0,marine,red,,,nonbeak,orange
Triacanthodidae_Paratriacanthodes_retrospinis_EPLATE_53_B04,Triacanthodidae_Paratriacanthodes_retrospinis_EPLATE_53_B04,nonreef,nonreef,grey,salmon4,#4CC9F0,marine,red,,,nonbeak,orange
Triacanthodidae_Triacanthodes_anomalus_T0059,Triacanthodidae_Triacanthodes_anomalus_T0059,nonreef,nonreef,grey,salmon4,#4CC9F0,marine,red,,,nonbeak,orange
Triacanthodidae_Triacanthodes_ethiops_T0060,Triacanthodidae_Triacanthodes_ethiops_T0060,nonreef,nonreef,grey,salmon4,#4CC9F0,marine,red,,,nonbeak,orange
Triacanthodidae_Triacanthodes_sp1_EPLATE_53_C04,Triacanthodidae_Triacanthodes_sp1_EPLATE_53_C04,nonreef,nonreef,grey,salmon4,#4CC9F0,marine,red,,,nonbeak,orange
Triacanthodidae_Tydemania_navigatoris_T0096,Triacanthodidae_Tydemania_navigatoris_T0096,nonreef,nonreef,grey,salmon4,#4CC9F0,marine,red,,,nonbeak,orange
Triodontidae_Triodon_macropterus_T0062,Triodontidae_Triodon_macropterus_T0062,nonreef,nonreef,grey,midnightblue,#F72585,marine,red,,,beak,blue
